{"stats":{"minecraft:dropped":{"minecraft:stone_axe":2,"minecraft:wheat_seeds":2,"minecraft:melon_slice":1,"mcdar:golem_kit":1},"minecraft:crafted":{"minecraft:oak_planks":24,"minecraft:crafting_table":1,"minecraft:stick":8,"minecraft:stone_pickaxe":1,"minecraft:stone_axe":1},"minecraft:killed":{"minecraft:wolf":1,"minecraft:pig":3,"creeperoverhaul:bamboo_creeper":2},"minecraft:mined":{"minecraft:flowering_azalea":2,"mythicmetals:tin_ore":7,"minecraft:mangrove_roots":1,"minecraft:crafting_table":1,"minecraft:grass":2,"minecraft:grass_block":2,"minecraft:oak_log":6,"minecraft:melon":3,"minecraft:cobblestone":8,"minecraft:stone":2},"minecraft:picked_up":{"minecraft:crafting_table":1,"minecraft:porkchop":4,"minecraft:oak_log":6,"mythicmetals:raw_tin":9,"minecraft:dirt":2,"minecraft:wooden_sword":1,"minecraft:rotten_flesh":1,"minecraft:apple":2,"minecraft:stone_axe":2,"minecraft:wheat_seeds":2,"mcdar:golem_kit":1,"minecraft:mangrove_roots":1,"minecraft:bamboo":3,"minecraft:melon_slice":16,"minecraft:acacia_sapling":1,"minecraft:flowering_azalea":2,"minecraft:cobblestone":10},"minecraft:custom":{"minecraft:time_since_rest":19084,"lootr:looted_stat":14,"minecraft:sprint_one_cm":64334,"minecraft:walk_one_cm":56542,"minecraft:damage_taken":295,"minecraft:mob_kills":6,"minecraft:drop":6,"minecraft:damage_dealt":640,"minecraft:interact_with_crafting_table":2,"minecraft:fly_one_cm":77885,"minecraft:open_chest":3,"minecraft:play_time":19084,"minecraft:sneak_time":59,"minecraft:jump":404,"minecraft:leave_game":1,"minecraft:time_since_death":19084,"minecraft:walk_on_water_one_cm":663,"minecraft:total_world_time":19084,"minecraft:climb_one_cm":2026,"minecraft:fall_one_cm":10934},"minecraft:used":{"minecraft:apple":1,"minecraft:flowering_azalea":2,"mcdar:tasty_bone":2,"minecraft:melon_slice":12,"minecraft:stone_pickaxe":14,"minecraft:iron_pickaxe":4,"mcdar:golem_kit":1,"minecraft:stone_axe":1,"mcdar:enchanted_grass":1,"minecraft:wooden_sword":11,"minecraft:mangrove_roots":1}},"DataVersion":3465}