{"stats":{"minecraft:dropped":{"minecraft:stone_axe":2,"minecraft:wheat_seeds":2},"minecraft:killed":{"minecraft:pig":3},"minecraft:crafted":{"minecraft:oak_planks":24,"minecraft:crafting_table":1,"minecraft:stick":8,"minecraft:stone_pickaxe":1,"minecraft:stone_axe":1},"minecraft:mined":{"minecraft:flowering_azalea":2,"mythicmetals:tin_ore":7,"minecraft:mangrove_roots":1,"minecraft:crafting_table":1,"minecraft:grass":2,"minecraft:oak_log":6,"minecraft:cobblestone":8,"minecraft:stone":2},"minecraft:picked_up":{"minecraft:crafting_table":1,"minecraft:porkchop":4,"minecraft:oak_log":6,"mythicmetals:raw_tin":9,"minecraft:wooden_sword":1,"minecraft:stone_axe":2,"minecraft:wheat_seeds":2,"minecraft:mangrove_roots":1,"minecraft:flowering_azalea":2,"minecraft:cobblestone":10},"minecraft:custom":{"minecraft:time_since_rest":8333,"lootr:looted_stat":2,"minecraft:sprint_one_cm":16972,"minecraft:walk_one_cm":22028,"minecraft:damage_taken":90,"minecraft:mob_kills":3,"minecraft:drop":4,"minecraft:damage_dealt":260,"minecraft:interact_with_crafting_table":2,"minecraft:fly_one_cm":23729,"minecraft:play_time":8333,"minecraft:sneak_time":59,"minecraft:jump":125,"minecraft:time_since_death":8333,"minecraft:walk_on_water_one_cm":663,"minecraft:total_world_time":8333,"minecraft:climb_one_cm":275,"minecraft:fall_one_cm":4259},"minecraft:used":{"minecraft:flowering_azalea":2,"minecraft:stone_pickaxe":13,"minecraft:iron_pickaxe":4,"minecraft:stone_axe":1,"minecraft:mangrove_roots":1}},"DataVersion":3465}