{"stats":{"minecraft:dropped":{"minecraft:wooden_sword":1,"mcdar:golem_kit":1},"minecraft:crafted":{"minecraft:wooden_sword":1,"minecraft:oak_planks":20,"minecraft:diamond_sword":1,"minecraft:crafting_table":3,"minecraft:stick":4,"minecraft:iron_ingot":5,"minecraft:acacia_planks":4,"minecraft:torch":8,"minecraft:air":0},"minecraft:killed":{"minecraft:skeleton":2,"minecraft:sheep":3,"minecraft:zombie":5,"minecraft:pig":2},"minecraft:killed_by":{"minecraft:zombie":1},"minecraft:mined":{"minecraft:diamond_ore":2,"minecraft:acacia_leaves":2,"minecraft:grass":1,"minecraft:acacia_log":1,"minecraft:coal_ore":24,"minecraft:melon":1,"minecraft:oak_log":5,"minecraft:cobweb":8,"minecraft:stone":17,"minecraft:oak_leaves":3,"minecraft:fern":1},"minecraft:picked_up":{"minecraft:raw_iron":5,"minecraft:stick":3,"minecraft:raw_gold_block":1,"minecraft:clay_ball":1,"minecraft:acacia_log":1,"minecraft:diamond_sword":1,"minecraft:potato":8,"minecraft:porkchop":4,"minecraft:oak_log":5,"minecraft:string":14,"minecraft:paper":8,"minecraft:moss_carpet":2,"minecraft:clay":1,"minecraft:bone":6,"minecraft:rotten_flesh":7,"minecraft:apple":1,"minecraft:diamond":2,"minecraft:raw_gold":5,"minecraft:iron_ingot":2,"mcdar:golem_kit":1,"minecraft:coal":24,"minecraft:oak_sapling":1,"minecraft:iron_pickaxe":1,"minecraft:melon_slice":3,"minecraft:moss_block":1,"minecraft:black_wool":2,"minecraft:glow_berries":5,"minecraft:mutton":8,"minecraft:oak_planks":8,"minecraft:cobblestone":17,"minecraft:white_wool":4,"minecraft:raw_copper_block":3},"minecraft:custom":{"minecraft:time_since_rest":11728,"lootr:looted_stat":11,"minecraft:sprint_one_cm":63030,"minecraft:damage_taken":706,"minecraft:walk_one_cm":71888,"minecraft:mob_kills":12,"minecraft:drop":2,"minecraft:damage_dealt":1710,"minecraft:talked_to_villager":1,"minecraft:interact_with_crafting_table":5,"minecraft:fly_one_cm":47560,"minecraft:open_barrel":2,"minecraft:open_chest":6,"minecraft:crouch_one_cm":1955,"minecraft:play_time":53816,"minecraft:deaths":2,"minecraft:sneak_time":604,"minecraft:jump":274,"minecraft:interact_with_blast_furnace":4,"minecraft:leave_game":1,"minecraft:time_since_death":11702,"minecraft:total_world_time":53816,"minecraft:climb_one_cm":1568,"minecraft:fall_one_cm":5909},"minecraft:used":{"minecraft:black_wool":1,"minecraft:bread":1,"minecraft:grass_block":3,"minecraft:melon_slice":3,"minecraft:iron_pickaxe":43,"mcdar:golem_kit":1,"minecraft:diamond_ore":2,"minecraft:diamond_sword":40,"minecraft:dirt":1,"minecraft:crafting_table":3}},"DataVersion":3465}