{"stats":{"minecraft:used":{"minecraft:dirt":9},"minecraft:custom":{"minecraft:jump":79,"minecraft:time_since_rest":69045,"minecraft:damage_dealt":40,"minecraft:damage_taken":300,"minecraft:leave_game":10,"minecraft:time_since_death":68837,"minecraft:crouch_one_cm":107,"minecraft:play_time":69650,"lootr:looted_stat":3,"minecraft:sprint_one_cm":22123,"minecraft:walk_one_cm":22088,"minecraft:walk_on_water_one_cm":146,"minecraft:deaths":1,"minecraft:sneak_time":222,"minecraft:total_world_time":69650,"minecraft:climb_one_cm":246,"minecraft:fall_one_cm":627,"minecraft:fly_one_cm":122345},"minecraft:killed_by":{"minecraft:pillager":1}},"DataVersion":3465}