{"stats":{"minecraft:killed_by":{"minecraft:pillager":1},"minecraft:custom":{"minecraft:jump":19,"minecraft:time_since_rest":52852,"minecraft:damage_dealt":40,"minecraft:deaths":1,"minecraft:leave_game":2,"minecraft:play_time":53457,"minecraft:sprint_one_cm":3652,"minecraft:damage_taken":300,"minecraft:time_since_death":52644,"minecraft:walk_one_cm":6022,"minecraft:sneak_time":7,"minecraft:total_world_time":53457,"minecraft:fall_one_cm":627,"minecraft:fly_one_cm":3512},"minecraft:used":{"minecraft:dirt":9}},"DataVersion":3465}