{"stats":{"minecraft:dropped":{"minecraft:wooden_sword":1},"minecraft:crafted":{"minecraft:wooden_sword":1,"minecraft:oak_planks":20,"minecraft:diamond_sword":1,"minecraft:crafting_table":2,"minecraft:stick":4},"minecraft:killed":{"minecraft:sheep":3,"minecraft:pig":2},"minecraft:killed_by":{"minecraft:zombie":1},"minecraft:mined":{"minecraft:diamond_ore":2,"minecraft:grass":1,"minecraft:oak_log":5,"minecraft:cobweb":6,"minecraft:oak_leaves":3,"minecraft:fern":1},"minecraft:picked_up":{"minecraft:porkchop":2,"minecraft:oak_log":5,"minecraft:string":6,"minecraft:moss_carpet":1,"minecraft:bone":1,"minecraft:diamond":2,"minecraft:black_wool":1,"minecraft:glow_berries":2,"minecraft:mutton":3,"minecraft:white_wool":2},"minecraft:custom":{"minecraft:time_since_rest":8791,"lootr:looted_stat":2,"minecraft:sprint_one_cm":27607,"minecraft:damage_taken":485,"minecraft:walk_one_cm":28458,"minecraft:mob_kills":5,"minecraft:drop":1,"minecraft:damage_dealt":450,"minecraft:interact_with_crafting_table":4,"minecraft:fly_one_cm":21915,"minecraft:crouch_one_cm":1596,"minecraft:play_time":41816,"minecraft:deaths":1,"minecraft:sneak_time":410,"minecraft:jump":131,"minecraft:leave_game":1,"minecraft:time_since_death":8662,"minecraft:total_world_time":41816,"minecraft:climb_one_cm":913,"minecraft:fall_one_cm":2881},"minecraft:used":{"minecraft:grass_block":3,"minecraft:iron_pickaxe":2,"minecraft:diamond_ore":2,"minecraft:diamond_sword":16,"minecraft:dirt":1,"minecraft:crafting_table":2}},"DataVersion":3465}