{"stats":{"minecraft:killed":{"minecraft:pig":6,"minecraft:skeleton":2,"minecraft:sheep":3,"minecraft:pillager":1,"minecraft:zombie":5},"minecraft:custom":{"lootr:looted_stat":17,"minecraft:mob_kills":17,"minecraft:interact_with_crafting_table":6,"minecraft:open_barrel":2,"minecraft:interact_with_grindstone":1,"minecraft:leave_game":5,"minecraft:time_since_death":34835,"minecraft:sleep_in_bed":1,"minecraft:climb_one_cm":2324,"minecraft:time_since_rest":5289,"minecraft:sprint_one_cm":88717,"minecraft:damage_taken":755,"minecraft:walk_one_cm":105002,"minecraft:drop":5,"minecraft:damage_dealt":2355,"minecraft:talked_to_villager":1,"minecraft:fly_one_cm":74491,"minecraft:open_chest":6,"minecraft:crouch_one_cm":2690,"minecraft:play_time":76949,"minecraft:deaths":2,"minecraft:sneak_time":918,"minecraft:jump":400,"minecraft:interact_with_blast_furnace":4,"minecraft:interact_with_smoker":4,"minecraft:total_world_time":76949,"minecraft:fall_one_cm":7831},"minecraft:crafted":{"minecraft:wooden_sword":1,"minecraft:oak_planks":20,"minecraft:diamond_sword":1,"minecraft:crafting_table":3,"minecraft:air":0,"minecraft:iron_axe":1,"minecraft:stick":8,"minecraft:iron_ingot":5,"minecraft:acacia_planks":44,"minecraft:torch":8},"minecraft:picked_up":{"minecraft:clay_ball":1,"minecraft:diamond_sword":1,"minecraft:potato":53,"minecraft:oak_log":5,"minecraft:string":14,"minecraft:paper":8,"minecraft:moss_carpet":2,"minecraft:iron_axe":1,"minecraft:bone":6,"minecraft:acacia_planks":12,"minecraft:apple":1,"minecraft:raw_gold":5,"minecraft:iron_ingot":2,"mcdar:golem_kit":1,"minecraft:player_head":1,"minecraft:iron_pickaxe":1,"minecraft:moss_block":1,"minecraft:melon_slice":3,"minecraft:oak_planks":8,"minecraft:raw_copper_block":3,"minecraft:stick":7,"minecraft:raw_iron":5,"minecraft:raw_gold_block":1,"minecraft:acacia_log":11,"minecraft:poisonous_potato":1,"minecraft:porkchop":10,"minecraft:blast_furnace":4,"minecraft:arrow":2,"minecraft:rotten_flesh":7,"minecraft:clay":1,"minecraft:diamond":2,"minecraft:oak_sapling":1,"minecraft:glow_berries":5,"minecraft:black_wool":3,"minecraft:mutton":8,"minecraft:coal":24,"minecraft:white_wool":4,"minecraft:cobblestone":17},"minecraft:killed_by":{"minecraft:zombie":1},"minecraft:dropped":{"minecraft:rotten_flesh":6,"minecraft:wooden_sword":1,"minecraft:iron_axe":1,"mcdar:golem_kit":1,"minecraft:arrow":2},"minecraft:mined":{"minecraft:diamond_ore":2,"minecraft:acacia_leaves":2,"minecraft:acacia_log":11,"minecraft:blast_furnace":4,"minecraft:melon":1,"minecraft:black_wool":1,"minecraft:grass":1,"minecraft:oak_log":5,"minecraft:coal_ore":24,"minecraft:cobweb":8,"minecraft:acacia_planks":12,"minecraft:stone":17,"minecraft:oak_leaves":3,"minecraft:fern":1},"minecraft:used":{"mcdar:golem_kit":1,"minecraft:dirt":1,"minecraft:crafting_table":3,"minecraft:black_wool":1,"minecraft:bread":3,"minecraft:grass_block":3,"minecraft:iron_axe":23,"minecraft:melon_slice":3,"minecraft:iron_pickaxe":47,"minecraft:diamond_ore":2,"minecraft:diamond_sword":54,"minecraft:goat_horn":1,"minecraft:oak_sapling":1,"lightwithin:luxcognita_berry":2,"minecraft:acacia_planks":12,"minecraft:experience_bottle":4}},"DataVersion":3465}