{"stats":{"minecraft:used":{"minecraft:dirt":9},"minecraft:custom":{"minecraft:jump":35,"minecraft:time_since_rest":61223,"minecraft:damage_dealt":40,"minecraft:damage_taken":300,"minecraft:leave_game":6,"minecraft:play_time":61828,"minecraft:sprint_one_cm":7749,"minecraft:time_since_death":61015,"minecraft:walk_one_cm":9171,"minecraft:deaths":1,"minecraft:sneak_time":40,"minecraft:total_world_time":61828,"minecraft:fall_one_cm":627,"minecraft:fly_one_cm":51601},"minecraft:killed_by":{"minecraft:pillager":1}},"DataVersion":3465}