{"stats":{"minecraft:dropped":{"minecraft:wooden_sword":1,"mcdar:golem_kit":1},"minecraft:killed":{"minecraft:pig":2,"minecraft:sheep":3,"minecraft:skeleton":2,"minecraft:zombie":5},"minecraft:crafted":{"minecraft:wooden_sword":1,"minecraft:oak_planks":20,"minecraft:diamond_sword":1,"minecraft:crafting_table":3,"minecraft:air":0,"minecraft:iron_axe":1,"minecraft:stick":8,"minecraft:iron_ingot":5,"minecraft:acacia_planks":44,"minecraft:torch":8},"minecraft:killed_by":{"minecraft:zombie":1},"minecraft:mined":{"minecraft:diamond_ore":2,"minecraft:acacia_leaves":2,"minecraft:acacia_log":11,"minecraft:melon":1,"minecraft:grass":1,"minecraft:black_wool":1,"minecraft:oak_log":5,"minecraft:coal_ore":24,"minecraft:cobweb":8,"minecraft:acacia_planks":12,"minecraft:stone":17,"minecraft:oak_leaves":3,"minecraft:fern":1},"minecraft:picked_up":{"minecraft:clay_ball":1,"minecraft:diamond_sword":1,"minecraft:potato":53,"minecraft:oak_log":5,"minecraft:string":14,"minecraft:paper":8,"minecraft:moss_carpet":2,"minecraft:bone":6,"minecraft:acacia_planks":12,"minecraft:apple":1,"minecraft:raw_gold":5,"minecraft:iron_ingot":2,"mcdar:golem_kit":1,"minecraft:iron_pickaxe":1,"minecraft:moss_block":1,"minecraft:melon_slice":3,"minecraft:oak_planks":8,"minecraft:raw_copper_block":3,"minecraft:stick":7,"minecraft:raw_iron":5,"minecraft:raw_gold_block":1,"minecraft:acacia_log":11,"minecraft:poisonous_potato":1,"minecraft:porkchop":4,"minecraft:rotten_flesh":7,"minecraft:clay":1,"minecraft:diamond":2,"minecraft:oak_sapling":1,"minecraft:glow_berries":5,"minecraft:black_wool":3,"minecraft:mutton":8,"minecraft:coal":24,"minecraft:white_wool":4,"minecraft:cobblestone":17},"minecraft:custom":{"lootr:looted_stat":13,"minecraft:mob_kills":12,"minecraft:interact_with_crafting_table":6,"minecraft:open_barrel":2,"minecraft:interact_with_grindstone":1,"minecraft:leave_game":2,"minecraft:time_since_death":17128,"minecraft:climb_one_cm":1568,"minecraft:time_since_rest":17154,"minecraft:sprint_one_cm":73909,"minecraft:damage_taken":706,"minecraft:walk_one_cm":85806,"minecraft:drop":2,"minecraft:damage_dealt":1710,"minecraft:talked_to_villager":1,"minecraft:fly_one_cm":54652,"minecraft:open_chest":6,"minecraft:crouch_one_cm":2310,"minecraft:play_time":59242,"minecraft:deaths":2,"minecraft:sneak_time":714,"minecraft:jump":324,"minecraft:interact_with_blast_furnace":4,"minecraft:interact_with_smoker":4,"minecraft:total_world_time":59242,"minecraft:fall_one_cm":6176},"minecraft:used":{"mcdar:golem_kit":1,"minecraft:dirt":1,"minecraft:crafting_table":3,"minecraft:black_wool":1,"minecraft:iron_axe":23,"minecraft:melon_slice":3,"minecraft:grass_block":3,"minecraft:bread":1,"minecraft:iron_pickaxe":43,"minecraft:diamond_ore":2,"minecraft:diamond_sword":40,"minecraft:oak_sapling":1,"lightwithin:luxcognita_berry":2,"minecraft:acacia_planks":12}},"DataVersion":3465}